Engine_ID,Chassis_Number,Engine_Build
Engine_001,US002930303,Build0033030
Engine_002,NZ4499433030,Buil933939393
Engine_003,YE3030300440,Build0033031
Engine_004,US002930304,Buil933939394
Engine_005,NZ4499433030,Build0033032
Engine_006,YE3030300441,Buil933939395
Engine_007,US002930305,Build0033033
Engine_008,NZ4499433030,Buil933939396
Engine_009,YE3030300442,Build0033034
Engine_010,US002930306,Buil933939397
Engine_011,NZ4499433030,Build0033035
Engine_012,YE3030300443,Buil933939398
Engine_013,US002930307,Build0033036
Engine_014,NZ4499433030,Buil933939399
Engine_015,YE3030300444,Build0033037
Engine_016,US002930308,Buil933939400
Engine_017,NZ4499433030,Build0033038
Engine_018,YE3030300445,Buil933939401
Engine_019,US002930309,Build0033039
Engine_020,NZ4499433030,Buil933939402
Engine_021,YE3030300446,Build0033040
Engine_022,US002930310,Buil933939403
Engine_023,NZ4499433030,Build0033041
Engine_024,YE3030300447,Buil933939404
Engine_025,US002930311,Build0033042
Engine_026,NZ4499433030,Buil933939405
Engine_027,YE3030300448,Build0033043
Engine_028,US002930312,Buil933939406
Engine_029,NZ4499433030,Build0033044
Engine_030,YE3030300449,Buil933939407
Engine_031,US002930313,Build0033045
Engine_032,NZ4499433030,Buil933939408
Engine_033,YE3030300450,Build0033046
Engine_034,US002930314,Buil933939409
Engine_035,NZ4499433030,Build0033047
Engine_036,YE3030300451,Buil933939410
Engine_037,US002930315,Build0033048
Engine_038,NZ4499433030,Buil933939411
Engine_039,YE3030300452,Build0033049
Engine_040,US002930316,Buil933939412
Engine_041,NZ4499433030,Build0033050
Engine_042,YE3030300453,Buil933939413
Engine_043,US002930317,Build0033051
Engine_044,NZ4499433030,Buil933939414
Engine_045,YE3030300454,Build0033052
Engine_046,US002930318,Buil933939415
Engine_047,NZ4499433030,Build0033053
Engine_048,YE3030300455,Buil933939416
Engine_049,US002930319,Build0033054
Engine_050,NZ4499433030,Buil933939417
Engine_051,YE3030300456,Build0033055
Engine_052,US002930320,Buil933939418
Engine_053,NZ4499433030,Build0033056
Engine_054,YE3030300457,Buil933939419
Engine_055,US002930321,Build0033057
Engine_056,NZ4499433030,Buil933939420
Engine_057,YE3030300458,Build0033058
Engine_058,US002930322,Buil933939421
Engine_059,NZ4499433030,Build0033059
Engine_060,YE3030300459,Buil933939422
Engine_061,US002930323,Build0033060
Engine_062,NZ4499433030,Buil933939423
Engine_063,YE3030300460,Build0033061
Engine_064,US002930324,Buil933939424
Engine_065,NZ4499433030,Build0033062
Engine_066,YE3030300461,Buil933939425
Engine_067,US002930325,Build0033063
Engine_068,NZ4499433030,Buil933939426
Engine_069,YE3030300462,Build0033064
Engine_070,US002930326,Buil933939427
Engine_071,NZ4499433030,Build0033065
Engine_072,YE3030300463,Buil933939428
Engine_073,US002930327,Build0033066
Engine_074,NZ4499433030,Buil933939429
Engine_075,YE3030300464,Build0033067
Engine_076,US002930328,Buil933939430
Engine_077,NZ4499433030,Build0033068
Engine_078,YE3030300465,Buil933939431
Engine_079,US002930329,Build0033069
Engine_080,NZ4499433030,Buil933939432
Engine_081,YE3030300466,Build0033070
Engine_082,US002930330,Buil933939433
Engine_083,NZ4499433030,Build0033071
Engine_084,YE3030300467,Buil933939434
Engine_085,US002930331,Build0033072
Engine_086,NZ4499433030,Buil933939435
Engine_087,YE3030300468,Build0033073
Engine_088,US002930332,Buil933939436
Engine_089,NZ4499433030,Build0033074
Engine_090,YE3030300469,Buil933939437
Engine_091,US002930333,Build0033075
Engine_092,NZ4499433030,Buil933939438
Engine_093,YE3030300470,Build0033076
Engine_094,US002930334,Buil933939439
Engine_095,NZ4499433030,Build0033077
Engine_096,YE3030300471,Buil933939440
Engine_097,US002930335,Build0033078
Engine_098,NZ4499433030,Buil933939441
Engine_099,YE3030300472,Build0033079
Engine_100,US002930336,Buil933939442
Engine_1000,,
Engine_1001,,
Engine_1002,,
Engine_1003,,
Engine_1004,,
Engine_1005,,
Engine_1006,,
Engine_1007,,
Engine_1008,,
Engine_1009,,
Engine_101,NZ4499433030,Build0033080
Engine_1010,,
Engine_1011,,
Engine_1012,,
Engine_1013,,
Engine_1014,,
Engine_1015,,
Engine_1016,,
Engine_1017,,
Engine_1018,,
Engine_1019,,
Engine_102,YE3030300473,Buil933939443
Engine_1020,,
Engine_1021,,
Engine_1022,,
Engine_1023,,
Engine_1024,,
Engine_1025,,
Engine_1026,,
Engine_1027,,
Engine_1028,,
Engine_1029,,
Engine_103,US002930337,Build0033081
Engine_1030,,
Engine_1031,,
Engine_1032,,
Engine_1033,,
Engine_1034,,
Engine_1035,,
Engine_1036,,
Engine_1037,,
Engine_1038,,
Engine_1039,,
Engine_104,NZ4499433030,Buil933939444
Engine_1040,,
Engine_1041,,
Engine_1042,,
Engine_1043,,
Engine_1044,,
Engine_1045,,
Engine_1046,,
Engine_1047,,
Engine_1048,,
Engine_1049,,
Engine_105,YE3030300474,Build0033082
Engine_1050,,
Engine_1051,,
Engine_1052,,
Engine_1053,,
Engine_1054,,
Engine_1055,,
Engine_1056,,
Engine_1057,,
Engine_1058,,
Engine_1059,,
Engine_106,US002930338,Buil933939445
Engine_1060,,
Engine_1061,,
Engine_1062,,
Engine_1063,,
Engine_1064,,
Engine_1065,,
Engine_1066,,
Engine_1067,,
Engine_1068,,
Engine_1069,,
Engine_107,NZ4499433030,Build0033083
Engine_1070,,
Engine_1071,,
Engine_1072,,
Engine_1073,,
Engine_1074,,
Engine_1075,,
Engine_1076,,
Engine_1077,,
Engine_1078,,
Engine_1079,,
Engine_108,YE3030300475,Buil933939446
Engine_1080,,
Engine_1081,,
Engine_1082,,
Engine_1083,,
Engine_1084,,
Engine_1085,,
Engine_1086,,
Engine_1087,,
Engine_1088,,
Engine_1089,,
Engine_109,US002930339,Build0033084
Engine_1090,,
Engine_1091,,
Engine_1092,,
Engine_1093,,
Engine_1094,,
Engine_1095,,
Engine_1096,,
Engine_1097,,
Engine_1098,,
Engine_1099,,
Engine_110,NZ4499433030,Buil933939447
Engine_1100,,
Engine_1101,,
Engine_1102,,
Engine_1103,,
Engine_1104,,
Engine_1105,,
Engine_1106,,
Engine_1107,,
Engine_1108,,
Engine_1109,,
Engine_111,YE3030300476,Build0033085
Engine_1110,,
Engine_1111,,
Engine_1112,,
Engine_1113,,
Engine_1114,,
Engine_1115,,
Engine_1116,,
Engine_1117,,
Engine_1118,,
Engine_1119,,
Engine_112,US002930340,Buil933939448
Engine_1120,,
Engine_1121,,
Engine_1122,,
Engine_1123,,
Engine_1124,,
Engine_1125,,
Engine_1126,,
Engine_1127,,
Engine_1128,,
Engine_1129,,
Engine_113,NZ4499433030,Build0033086
Engine_1130,,
Engine_1131,,
Engine_1132,,
Engine_1133,,
Engine_1134,,
Engine_1135,,
Engine_1136,,
Engine_1137,,
Engine_1138,,
Engine_1139,,
Engine_114,YE3030300477,Buil933939449
Engine_1140,,
Engine_1141,,
Engine_1142,,
Engine_1143,,
Engine_1144,,
Engine_1145,,
Engine_1146,,
Engine_1147,,
Engine_1148,,
Engine_1149,,
Engine_115,US002930341,Build0033087
Engine_1150,,
Engine_1151,,
Engine_1152,,
Engine_1153,,
Engine_1154,,
Engine_1155,,
Engine_1156,,
Engine_1157,,
Engine_1158,,
Engine_1159,,
Engine_116,NZ4499433030,Buil933939450
Engine_1160,,
Engine_1161,,
Engine_1162,,
Engine_1163,,
Engine_1164,,
Engine_1165,,
Engine_1166,,
Engine_1167,,
Engine_1168,,
Engine_1169,,
Engine_117,YE3030300478,Build0033088
Engine_1170,,
Engine_1171,,
Engine_1172,,
Engine_1173,,
Engine_1174,,
Engine_1175,,
Engine_1176,,
Engine_1177,,
Engine_1178,,
Engine_1179,,
Engine_118,US002930342,Buil933939451
Engine_1180,,
Engine_1181,,
Engine_1182,,
Engine_1183,,
Engine_1184,,
Engine_1185,,
Engine_1186,,
Engine_1187,,
Engine_1188,,
Engine_1189,,
Engine_119,NZ4499433030,Build0033089
Engine_1190,,
Engine_1191,,
Engine_1192,,
Engine_1193,,
Engine_1194,,
Engine_1195,,
Engine_1196,,
Engine_1197,,
Engine_1198,,
Engine_1199,,
Engine_120,YE3030300479,Buil933939452
Engine_1200,,
Engine_1201,,
Engine_1202,,
Engine_1203,,
Engine_1204,,
Engine_1205,,
Engine_1206,,
Engine_1207,,
Engine_1208,,
Engine_1209,,
Engine_121,US002930343,Build0033090
Engine_1210,,
Engine_1211,,
Engine_1212,,
Engine_1213,,
Engine_1214,,
Engine_1215,,
Engine_1216,,
Engine_1217,,
Engine_1218,,
Engine_1219,,
Engine_122,NZ4499433030,Buil933939453
Engine_1220,,
Engine_1221,,
Engine_1222,,
Engine_1223,,
Engine_1224,,
Engine_1225,,
Engine_1226,,
Engine_1227,,
Engine_1228,,
Engine_1229,,
Engine_123,YE3030300480,Build0033091
Engine_1230,,
Engine_1231,,
Engine_1232,,
Engine_1233,,
Engine_1234,,
Engine_1235,,
Engine_1236,,
Engine_1237,,
Engine_1238,,
Engine_1239,,
Engine_124,US002930344,Buil933939454
Engine_1240,,
Engine_1241,,
Engine_1242,,
Engine_1243,,
Engine_1244,,
Engine_1245,,
Engine_1246,,
Engine_1247,,
Engine_1248,,
Engine_1249,,
Engine_125,NZ4499433030,Build0033092
Engine_1250,,
Engine_1251,,
Engine_1252,,
Engine_1253,,
Engine_1254,,
Engine_1255,,
Engine_1256,,
Engine_1257,,
Engine_1258,,
Engine_1259,,
Engine_126,YE3030300481,Buil933939455
Engine_1260,,
Engine_1261,,
Engine_1262,,
Engine_1263,,
Engine_1264,,
Engine_1265,,
Engine_1266,,
Engine_1267,,
Engine_1268,,
Engine_1269,,
Engine_127,US002930345,Build0033093
Engine_1270,,
Engine_1271,,
Engine_1272,,
Engine_1273,,
Engine_1274,,
Engine_1275,,
Engine_1276,,
Engine_1277,,
Engine_1278,,
Engine_1279,,
Engine_128,NZ4499433030,Buil933939456
Engine_1280,,
Engine_1281,,
Engine_1282,,
Engine_1283,,
Engine_1284,,
Engine_1285,,
Engine_1286,,
Engine_1287,,
Engine_1288,,
Engine_1289,,
Engine_129,YE3030300482,Build0033094
Engine_1290,,
Engine_1291,,
Engine_1292,,
Engine_1293,,
Engine_1294,,
Engine_1295,,
Engine_1296,,
Engine_1297,,
Engine_1298,,
Engine_1299,,
Engine_130,US002930346,Buil933939457
Engine_1300,,
Engine_1301,,
Engine_1302,,
Engine_1303,,
Engine_1304,,
Engine_1305,,
Engine_1306,,
Engine_1307,,
Engine_1308,,
Engine_1309,,
Engine_131,NZ4499433030,Build0033095
Engine_1310,,
Engine_1311,,
Engine_1312,,
Engine_1313,,
Engine_1314,,
Engine_1315,,
Engine_1316,,
Engine_1317,,
Engine_1318,,
Engine_1319,,
Engine_132,YE3030300483,Buil933939458
Engine_1320,,
Engine_1321,,
Engine_1322,,
Engine_1323,,
Engine_1324,,
Engine_1325,,
Engine_1326,,
Engine_1327,,
Engine_1328,,
Engine_1329,,
Engine_133,US002930347,Build0033096
Engine_1330,,
Engine_1331,,
Engine_1332,,
Engine_1333,,
Engine_1334,,
Engine_1335,,
Engine_1336,,
Engine_1337,,
Engine_1338,,
Engine_1339,,
Engine_134,NZ4499433030,Buil933939459
Engine_1340,,
Engine_1341,,
Engine_1342,,
Engine_1343,,
Engine_1344,,
Engine_1345,,
Engine_1346,,
Engine_1347,,
Engine_1348,,
Engine_1349,,
Engine_135,YE3030300484,Build0033097
Engine_1350,,
Engine_1351,,
Engine_1352,,
Engine_1353,,
Engine_1354,,
Engine_1355,,
Engine_1356,,
Engine_1357,,
Engine_1358,,
Engine_1359,,
Engine_136,US002930348,Buil933939460
Engine_1360,,
Engine_1361,,
Engine_1362,,
Engine_1363,,
Engine_1364,,
Engine_1365,,
Engine_1366,,
Engine_1367,,
Engine_1368,,
Engine_1369,,
Engine_137,NZ4499433030,Build0033098
Engine_1370,,
Engine_1371,,
Engine_1372,,
Engine_1373,,
Engine_1374,,
Engine_1375,,
Engine_1376,,
Engine_1377,,
Engine_1378,,
Engine_1379,,
Engine_138,YE3030300485,Buil933939461
Engine_1380,,
Engine_1381,,
Engine_1382,,
Engine_1383,,
Engine_1384,,
Engine_1385,,
Engine_1386,,
Engine_1387,,
Engine_1388,,
Engine_1389,,
Engine_139,,
Engine_1390,,
Engine_1391,,
Engine_1392,,
Engine_1393,,
Engine_1394,,
Engine_1395,,
Engine_1396,,
Engine_1397,,
Engine_1398,,
Engine_1399,,
Engine_140,,
Engine_1400,,
Engine_1401,,
Engine_1402,,
Engine_1403,,
Engine_1404,,
Engine_1405,,
Engine_1406,,
Engine_1407,,
Engine_1408,,
Engine_1409,,
Engine_141,,
Engine_1410,,
Engine_1411,,
Engine_1412,,
Engine_1413,,
Engine_1414,,
Engine_1415,,
Engine_1416,,
Engine_1417,,
Engine_1418,,
Engine_1419,,
Engine_142,,
Engine_1420,,
Engine_1421,,
Engine_1422,,
Engine_1423,,
Engine_1424,,
Engine_1425,,
Engine_1426,,
Engine_1427,,
Engine_1428,,
Engine_1429,,
Engine_143,,
Engine_1430,,
Engine_1431,,
Engine_1432,,
Engine_1433,,
Engine_1434,,
Engine_1435,,
Engine_1436,,
Engine_1437,,
Engine_1438,,
Engine_1439,,
Engine_144,,
Engine_1440,,
Engine_1441,,
Engine_1442,,
Engine_1443,,
Engine_1444,,
Engine_1445,,
Engine_1446,,
Engine_1447,,
Engine_1448,,
Engine_1449,,
Engine_145,,
Engine_1450,,
Engine_1451,,
Engine_1452,,
Engine_1453,,
Engine_1454,,
Engine_1455,,
Engine_1456,,
Engine_1457,,
Engine_1458,,
Engine_1459,,
Engine_146,,
Engine_1460,,
Engine_1461,,
Engine_1462,,
Engine_1463,,
Engine_1464,,
Engine_1465,,
Engine_1466,,
Engine_1467,,
Engine_1468,,
Engine_1469,,
Engine_147,,
Engine_1470,,
Engine_1471,,
Engine_1472,,
Engine_1473,,
Engine_1474,,
Engine_1475,,
Engine_1476,,
Engine_1477,,
Engine_1478,,
Engine_1479,,
Engine_148,,
Engine_1480,,
Engine_1481,,
Engine_1482,,
Engine_1483,,
Engine_1484,,
Engine_1485,,
Engine_1486,,
Engine_1487,,
Engine_1488,,
Engine_1489,,
Engine_149,,
Engine_1490,,
Engine_1491,,
Engine_1492,,
Engine_1493,,
Engine_1494,,
Engine_1495,,
Engine_1496,,
Engine_1497,,
Engine_1498,,
Engine_1499,,
Engine_150,,
Engine_1500,,
Engine_1501,,
Engine_1502,,
Engine_1503,,
Engine_1504,,
Engine_1505,,
Engine_1506,,
Engine_1507,,
Engine_1508,,
Engine_1509,,
Engine_151,,
Engine_1510,,
Engine_1511,,
Engine_1512,,
Engine_1513,,
Engine_1514,,
Engine_1515,,
Engine_1516,,
Engine_1517,,
Engine_1518,,
Engine_1519,,
Engine_152,,
Engine_1520,,
Engine_1521,,
Engine_1522,,
Engine_1523,,
Engine_1524,,
Engine_1525,,
Engine_1526,,
Engine_1527,,
Engine_1528,,
Engine_1529,,
Engine_153,,
Engine_1530,,
Engine_1531,,
Engine_1532,,
Engine_1533,,
Engine_1534,,
Engine_1535,,
Engine_1536,,
Engine_1537,,
Engine_1538,,
Engine_1539,,
Engine_154,,
Engine_1540,,
Engine_1541,,
Engine_1542,,
Engine_1543,,
Engine_1544,,
Engine_1545,,
Engine_1546,,
Engine_1547,,
Engine_1548,,
Engine_1549,,
Engine_155,,
Engine_1550,,
Engine_1551,,
Engine_1552,,
Engine_1553,,
Engine_1554,,
Engine_1555,,
Engine_1556,,
Engine_1557,,
Engine_1558,,
Engine_1559,,
Engine_156,,
Engine_1560,,
Engine_1561,,
Engine_1562,,
Engine_1563,,
Engine_1564,,
Engine_1565,,
Engine_1566,,
Engine_1567,,
Engine_1568,,
Engine_1569,,
Engine_157,,
Engine_1570,,
Engine_1571,,
Engine_1572,,
Engine_1573,,
Engine_1574,,
Engine_1575,,
Engine_1576,,
Engine_1577,,
Engine_1578,,
Engine_1579,,
Engine_158,,
Engine_1580,,
Engine_1581,,
Engine_1582,,
Engine_1583,,
Engine_1584,,
Engine_1585,,
Engine_1586,,
Engine_1587,,
Engine_1588,,
Engine_1589,,
Engine_159,,
Engine_1590,,
Engine_1591,,
Engine_1592,,
Engine_1593,,
Engine_1594,,
Engine_1595,,
Engine_1596,,
Engine_1597,,
Engine_1598,,
Engine_1599,,
Engine_160,,
Engine_1600,,
Engine_1601,,
Engine_1602,,
Engine_1603,,
Engine_1604,,
Engine_1605,,
Engine_1606,,
Engine_1607,,
Engine_1608,,
Engine_1609,,
Engine_161,,
Engine_1610,,
Engine_1611,,
Engine_1612,,
Engine_1613,,
Engine_1614,,
Engine_1615,,
Engine_1616,,
Engine_1617,,
Engine_1618,,
Engine_1619,,
Engine_162,,
Engine_1620,,
Engine_1621,,
Engine_1622,,
Engine_1623,,
Engine_1624,,
Engine_1625,,
Engine_1626,,
Engine_1627,,
Engine_1628,,
Engine_1629,,
Engine_163,,
Engine_1630,,
Engine_1631,,
Engine_1632,,
Engine_1633,,
Engine_1634,,
Engine_1635,,
Engine_1636,,
Engine_1637,,
Engine_1638,,
Engine_1639,,
Engine_164,,
Engine_1640,,
Engine_1641,,
Engine_1642,,
Engine_1643,,
Engine_1644,,
Engine_1645,,
Engine_1646,,
Engine_1647,,
Engine_1648,,
Engine_1649,,
Engine_165,,
Engine_1650,,
Engine_1651,,
Engine_1652,,
Engine_1653,,
Engine_1654,,
Engine_1655,,
Engine_1656,,
Engine_1657,,
Engine_1658,,
Engine_1659,,
Engine_166,,
Engine_1660,,
Engine_1661,,
Engine_1662,,
Engine_1663,,
Engine_1664,,
Engine_1665,,
Engine_1666,,
Engine_1667,,
Engine_1668,,
Engine_1669,,
Engine_167,,
Engine_1670,,
Engine_1671,,
Engine_1672,,
Engine_1673,,
Engine_1674,,
Engine_1675,,
Engine_1676,,
Engine_1677,,
Engine_1678,,
Engine_1679,,
Engine_168,,
Engine_1680,,
Engine_1681,,
Engine_1682,,
Engine_1683,,
Engine_1684,,
Engine_1685,,
Engine_1686,,
Engine_1687,,
Engine_1688,,
Engine_1689,,
Engine_169,,
Engine_1690,,
Engine_1691,,
Engine_1692,,
Engine_1693,,
Engine_1694,,
Engine_1695,,
Engine_1696,,
Engine_1697,,
Engine_1698,,
Engine_1699,,
Engine_170,,
Engine_1700,,
Engine_1701,,
Engine_1702,,
Engine_1703,,
Engine_1704,,
Engine_1705,,
Engine_1706,,
Engine_1707,,
Engine_1708,,
Engine_1709,,
Engine_171,,
Engine_1710,,
Engine_1711,,
Engine_1712,,
Engine_1713,,
Engine_1714,,
Engine_1715,,
Engine_1716,,
Engine_1717,,
Engine_1718,,
Engine_1719,,
Engine_172,,
Engine_1720,,
Engine_1721,,
Engine_1722,,
Engine_1723,,
Engine_1724,,
Engine_1725,,
Engine_1726,,
Engine_1727,,
Engine_1728,,
Engine_1729,,
Engine_173,,
Engine_1730,,
Engine_1731,,
Engine_1732,,
Engine_1733,,
Engine_1734,,
Engine_1735,,
Engine_1736,,
Engine_1737,,
Engine_1738,,
Engine_1739,,
Engine_174,,
Engine_1740,,
Engine_1741,,
Engine_1742,,
Engine_1743,,
Engine_1744,,
Engine_1745,,
Engine_1746,,
Engine_1747,,
Engine_1748,,
Engine_1749,,
Engine_175,,
Engine_1750,,
Engine_1751,,
Engine_1752,,
Engine_1753,,
Engine_1754,,
Engine_1755,,
Engine_1756,,
Engine_1757,,
Engine_1758,,
Engine_1759,,
Engine_176,,
Engine_1760,,
Engine_1761,,
Engine_1762,,
Engine_1763,,
Engine_1764,,
Engine_1765,,
Engine_1766,,
Engine_1767,,
Engine_1768,,
Engine_1769,,
Engine_177,,
Engine_1770,,
Engine_1771,,
Engine_1772,,
Engine_1773,,
Engine_1774,,
Engine_1775,,
Engine_1776,,
Engine_1777,,
Engine_1778,,
Engine_1779,,
Engine_178,,
Engine_1780,,
Engine_1781,,
Engine_1782,,
Engine_1783,,
Engine_1784,,
Engine_1785,,
Engine_1786,,
Engine_1787,,
Engine_1788,,
Engine_1789,,
Engine_179,,
Engine_1790,,
Engine_1791,,
Engine_1792,,
Engine_1793,,
Engine_1794,,
Engine_1795,,
Engine_1796,,
Engine_1797,,
Engine_1798,,
Engine_1799,,
Engine_180,,
Engine_1800,,
Engine_1801,,
Engine_1802,,
Engine_1803,,
Engine_1804,,
Engine_1805,,
Engine_1806,,
Engine_1807,,
Engine_1808,,
Engine_1809,,
Engine_181,,
Engine_1810,,
Engine_1811,,
Engine_1812,,
Engine_1813,,
Engine_1814,,
Engine_1815,,
Engine_1816,,
Engine_1817,,
Engine_1818,,
Engine_1819,,
Engine_182,,
Engine_1820,,
Engine_1821,,
Engine_1822,,
Engine_1823,,
Engine_1824,,
Engine_1825,,
Engine_1826,,
Engine_1827,,
Engine_1828,,
Engine_1829,,
Engine_183,,
Engine_1830,,
Engine_1831,,
Engine_1832,,
Engine_1833,,
Engine_1834,,
Engine_1835,,
Engine_1836,,
Engine_1837,,
Engine_1838,,
Engine_1839,,
Engine_184,,
Engine_1840,,
Engine_1841,,
Engine_1842,,
Engine_1843,,
Engine_1844,,
Engine_1845,,
Engine_1846,,
Engine_1847,,
Engine_1848,,
Engine_1849,,
Engine_185,,
Engine_1850,,
Engine_1851,,
Engine_1852,,
Engine_1853,,
Engine_1854,,
Engine_1855,,
Engine_1856,,
Engine_1857,,
Engine_1858,,
Engine_1859,,
Engine_186,,
Engine_1860,,
Engine_1861,,
Engine_1862,,
Engine_1863,,
Engine_1864,,
Engine_1865,,
Engine_1866,,
Engine_1867,,
Engine_1868,,
Engine_1869,,
Engine_187,,
Engine_1870,,
Engine_1871,,
Engine_1872,,
Engine_1873,,
Engine_1874,,
Engine_1875,,
Engine_1876,,
Engine_1877,,
Engine_1878,,
Engine_1879,,
Engine_188,,
Engine_1880,,
Engine_1881,,
Engine_1882,,
Engine_1883,,
Engine_1884,,
Engine_1885,,
Engine_1886,,
Engine_1887,,
Engine_1888,,
Engine_1889,,
Engine_189,,
Engine_1890,,
Engine_1891,,
Engine_1892,,
Engine_1893,,
Engine_1894,,
Engine_1895,,
Engine_1896,,
Engine_1897,,
Engine_1898,,
Engine_1899,,
Engine_190,,
Engine_1900,,
Engine_1901,,
Engine_1902,,
Engine_1903,,
Engine_1904,,
Engine_1905,,
Engine_1906,,
Engine_1907,,
Engine_1908,,
Engine_1909,,
Engine_191,,
Engine_1910,,
Engine_1911,,
Engine_1912,,
Engine_1913,,
Engine_1914,,
Engine_1915,,
Engine_1916,,
Engine_1917,,
Engine_1918,,
Engine_1919,,
Engine_192,,
Engine_1920,,
Engine_1921,,
Engine_1922,,
Engine_1923,,
Engine_1924,,
Engine_1925,,
Engine_1926,,
Engine_1927,,
Engine_1928,,
Engine_1929,,
Engine_193,,
Engine_1930,,
Engine_1931,,
Engine_1932,,
Engine_1933,,
Engine_1934,,
Engine_1935,,
Engine_1936,,
Engine_1937,,
Engine_1938,,
Engine_1939,,
Engine_194,,
Engine_1940,,
Engine_1941,,
Engine_1942,,
Engine_1943,,
Engine_1944,,
Engine_1945,,
Engine_1946,,
Engine_1947,,
Engine_1948,,
Engine_1949,,
Engine_195,,
Engine_1950,,
Engine_1951,,
Engine_1952,,
Engine_1953,,
Engine_1954,,
Engine_1955,,
Engine_1956,,
Engine_1957,,
Engine_1958,,
Engine_1959,,
Engine_196,,
Engine_1960,,
Engine_1961,,
Engine_1962,,
Engine_1963,,
Engine_1964,,
Engine_1965,,
Engine_1966,,
Engine_1967,,
Engine_1968,,
Engine_1969,,
Engine_197,,
Engine_1970,,
Engine_1971,,
Engine_1972,,
Engine_1973,,
Engine_1974,,
Engine_1975,,
Engine_1976,,
Engine_1977,,
Engine_1978,,
Engine_1979,,
Engine_198,,
Engine_1980,,
Engine_1981,,
Engine_1982,,
Engine_1983,,
Engine_1984,,
Engine_1985,,
Engine_1986,,
Engine_1987,,
Engine_1988,,
Engine_1989,,
Engine_199,,
Engine_1990,,
Engine_1991,,
Engine_1992,,
Engine_1993,,
Engine_1994,,
Engine_1995,,
Engine_1996,,
Engine_1997,,
Engine_1998,,
Engine_1999,,
Engine_200,,
Engine_2000,,
Engine_2001,,
Engine_2002,,
Engine_2003,,
Engine_2004,,
Engine_2005,,
Engine_2006,,
Engine_2007,,
Engine_2008,,
Engine_2009,,
Engine_201,,
Engine_2010,,
Engine_2011,,
Engine_2012,,
Engine_2013,,
Engine_2014,,
Engine_2015,,
Engine_2016,,
Engine_2017,,
Engine_2018,,
Engine_2019,,
Engine_202,,
Engine_2020,,
Engine_2021,,
Engine_2022,,
Engine_2023,,
Engine_2024,,
Engine_2025,,
Engine_2026,,
Engine_2027,,
Engine_2028,,
Engine_2029,,
Engine_203,,
Engine_2030,,
Engine_2031,,
Engine_2032,,
Engine_2033,,
Engine_2034,,
Engine_2035,,
Engine_2036,,
Engine_2037,,
Engine_2038,,
Engine_2039,,
Engine_204,,
Engine_2040,,
Engine_2041,,
Engine_2042,,
Engine_2043,,
Engine_2044,,
Engine_2045,,
Engine_2046,,
Engine_2047,,
Engine_2048,,
Engine_2049,,
Engine_205,,
Engine_2050,,
Engine_2051,,
Engine_2052,,
Engine_2053,,
Engine_2054,,
Engine_2055,,
Engine_2056,,
Engine_2057,,
Engine_2058,,
Engine_2059,,
Engine_206,,
Engine_2060,,
Engine_2061,,
Engine_2062,,
Engine_2063,,
Engine_2064,,
Engine_2065,,
Engine_2066,,
Engine_2067,,
Engine_2068,,
Engine_2069,,
Engine_207,,
Engine_2070,,
Engine_2071,,
Engine_2072,,
Engine_2073,,
Engine_2074,,
Engine_2075,,
Engine_2076,,
Engine_2077,,
Engine_2078,,
Engine_2079,,
Engine_208,,
Engine_2080,,
Engine_2081,,
Engine_2082,,
Engine_2083,,
Engine_2084,,
Engine_2085,,
Engine_2086,,
Engine_2087,,
Engine_2088,,
Engine_2089,,
Engine_209,,
Engine_2090,,
Engine_2091,,
Engine_2092,,
Engine_2093,,
Engine_2094,,
Engine_2095,,
Engine_2096,,
Engine_2097,,
Engine_2098,,
Engine_2099,,
Engine_210,,
Engine_2100,,
Engine_2101,,
Engine_2102,,
Engine_2103,,
Engine_2104,,
Engine_2105,,
Engine_2106,,
Engine_2107,,
Engine_2108,,
Engine_2109,,
Engine_211,,
Engine_2110,,
Engine_2111,,
Engine_2112,,
Engine_2113,,
Engine_2114,,
Engine_2115,,
Engine_2116,,
Engine_2117,,
Engine_2118,,
Engine_2119,,
Engine_212,,
Engine_2120,,
Engine_2121,,
Engine_2122,,
Engine_2123,,
Engine_2124,,
Engine_2125,,
Engine_2126,,
Engine_2127,,
Engine_2128,,
Engine_2129,,
Engine_213,,
Engine_2130,,
Engine_2131,,
Engine_2132,,
Engine_2133,,
Engine_2134,,
Engine_2135,,
Engine_2136,,
Engine_2137,,
Engine_2138,,
Engine_2139,,
Engine_214,,
Engine_2140,,
Engine_2141,,
Engine_2142,,
Engine_2143,,
Engine_2144,,
Engine_2145,,
Engine_2146,,
Engine_2147,,
Engine_2148,,
Engine_2149,,
Engine_215,,
Engine_2150,,
Engine_2151,,
Engine_2152,,
Engine_2153,,
Engine_2154,,
Engine_2155,,
Engine_2156,,
Engine_2157,,
Engine_2158,,
Engine_2159,,
Engine_216,,
Engine_2160,,
Engine_2161,,
Engine_2162,,
Engine_2163,,
Engine_2164,,
Engine_2165,,
Engine_2166,,
Engine_2167,,
Engine_2168,,
Engine_2169,,
Engine_217,,
Engine_2170,,
Engine_2171,,
Engine_2172,,
Engine_2173,,
Engine_2174,,
Engine_2175,,
Engine_2176,,
Engine_2177,,
Engine_2178,,
Engine_2179,,
Engine_218,,
Engine_2180,,
Engine_2181,,
Engine_2182,,
Engine_2183,,
Engine_2184,,
Engine_2185,,
Engine_2186,,
Engine_2187,,
Engine_2188,,
Engine_2189,,
Engine_219,,
Engine_2190,,
Engine_2191,,
Engine_2192,,
Engine_2193,,
Engine_2194,,
Engine_2195,,
Engine_2196,,
Engine_2197,,
Engine_2198,,
Engine_2199,,
Engine_220,,
Engine_2200,,
Engine_2201,,
Engine_2202,,
Engine_2203,,
Engine_2204,,
Engine_2205,,
Engine_2206,,
Engine_2207,,
Engine_2208,,
Engine_2209,,
Engine_221,,
Engine_2210,,
Engine_2211,,
Engine_2212,,
Engine_2213,,
Engine_2214,,
Engine_2215,,
Engine_2216,,
Engine_2217,,
Engine_2218,,
Engine_2219,,
Engine_222,,
Engine_2220,,
Engine_2221,,
Engine_2222,,
Engine_2223,,
Engine_2224,,
Engine_2225,,
Engine_2226,,
Engine_2227,,
Engine_2228,,
Engine_2229,,
Engine_223,,
Engine_2230,,
Engine_2231,,
Engine_2232,,
Engine_2233,,
Engine_2234,,
Engine_2235,,
Engine_2236,,
Engine_2237,,
Engine_2238,,
Engine_2239,,
Engine_224,,
Engine_2240,,
Engine_2241,,
Engine_2242,,
Engine_2243,,
Engine_2244,,
Engine_2245,,
Engine_2246,,
Engine_2247,,
Engine_2248,,
Engine_2249,,
Engine_225,,
Engine_2250,,
Engine_2251,,
Engine_2252,,
Engine_2253,,
Engine_2254,,
Engine_2255,,
Engine_2256,,
Engine_2257,,
Engine_2258,,
Engine_2259,,
Engine_226,,
Engine_2260,,
Engine_2261,,
Engine_2262,,
Engine_2263,,
Engine_2264,,
Engine_2265,,
Engine_2266,,
Engine_2267,,
Engine_2268,,
Engine_2269,,
Engine_227,,
Engine_2270,,
Engine_2271,,
Engine_2272,,
Engine_2273,,
Engine_2274,,
Engine_2275,,
Engine_2276,,
Engine_2277,,
Engine_2278,,
Engine_2279,,
Engine_228,,
Engine_2280,,
Engine_2281,,
Engine_2282,,
Engine_2283,,
Engine_2284,,
Engine_2285,,
Engine_2286,,
Engine_2287,,
Engine_2288,,
Engine_2289,,
Engine_229,,
Engine_2290,,
Engine_2291,,
Engine_2292,,
Engine_2293,,
Engine_2294,,
Engine_2295,,
Engine_2296,,
Engine_2297,,
Engine_2298,,
Engine_2299,,
Engine_230,,
Engine_2300,,
Engine_2301,,
Engine_2302,,
Engine_2303,,
Engine_2304,,
Engine_2305,,
Engine_2306,,
Engine_2307,,
Engine_2308,,
Engine_2309,,
Engine_231,,
Engine_2310,,
Engine_2311,,
Engine_2312,,
Engine_2313,,
Engine_2314,,
Engine_2315,,
Engine_2316,,
Engine_2317,,
Engine_2318,,
Engine_2319,,
Engine_232,,
Engine_2320,,
Engine_2321,,
Engine_2322,,
Engine_2323,,
Engine_2324,,
Engine_2325,,
Engine_2326,,
Engine_2327,,
Engine_2328,,
Engine_2329,,
Engine_233,,
Engine_2330,,
Engine_2331,,
Engine_2332,,
Engine_2333,,
Engine_2334,,
Engine_2335,,
Engine_2336,,
Engine_2337,,
Engine_2338,,
Engine_2339,,
Engine_234,,
Engine_2340,,
Engine_2341,,
Engine_2342,,
Engine_2343,,
Engine_2344,,
Engine_2345,,
Engine_2346,,
Engine_2347,,
Engine_2348,,
Engine_2349,,
Engine_235,,
Engine_2350,,
Engine_2351,,
Engine_2352,,
Engine_2353,,
Engine_2354,,
Engine_2355,,
Engine_2356,,
Engine_2357,,
Engine_2358,,
Engine_2359,,
Engine_236,,
Engine_2360,,
Engine_2361,,
Engine_2362,,
Engine_2363,,
Engine_2364,,
Engine_2365,,
Engine_2366,,
Engine_2367,,
Engine_2368,,
Engine_2369,,
Engine_237,,
Engine_2370,,
Engine_2371,,
Engine_2372,,
Engine_2373,,
Engine_2374,,
Engine_2375,,
Engine_2376,,
Engine_2377,,
Engine_2378,,
Engine_2379,,
Engine_238,,
Engine_2380,,
Engine_2381,,
Engine_2382,,
Engine_2383,,
Engine_2384,,
Engine_2385,,
Engine_2386,,
Engine_2387,,
Engine_2388,,
Engine_2389,,
Engine_239,,
Engine_2390,,
Engine_2391,,
Engine_2392,,
Engine_2393,,
Engine_2394,,
Engine_2395,,
Engine_2396,,
Engine_2397,,
Engine_2398,,
Engine_2399,,
Engine_240,,
Engine_2400,,
Engine_2401,,
Engine_2402,,
Engine_2403,,
Engine_2404,,
Engine_2405,,
Engine_2406,,
Engine_2407,,
Engine_2408,,
Engine_2409,,
Engine_241,,
Engine_2410,,
Engine_2411,,
Engine_2412,,
Engine_2413,,
Engine_2414,,
Engine_2415,,
Engine_2416,,
Engine_2417,,
Engine_2418,,
Engine_2419,,
Engine_242,,
Engine_2420,,
Engine_2421,,
Engine_2422,,
Engine_2423,,
Engine_2424,,
Engine_2425,,
Engine_2426,,
Engine_2427,,
Engine_2428,,
Engine_2429,,
Engine_243,,
Engine_2430,,
Engine_2431,,
Engine_2432,,
Engine_2433,,
Engine_2434,,
Engine_2435,,
Engine_2436,,
Engine_2437,,
Engine_2438,,
Engine_2439,,
Engine_244,,
Engine_2440,,
Engine_2441,,
Engine_2442,,
Engine_2443,,
Engine_2444,,
Engine_2445,,
Engine_2446,,
Engine_2447,,
Engine_2448,,
Engine_2449,,
Engine_245,,
Engine_2450,,
Engine_2451,,
Engine_2452,,
Engine_2453,,
Engine_2454,,
Engine_2455,,
Engine_2456,,
Engine_2457,,
Engine_2458,,
Engine_2459,,
Engine_246,,
Engine_2460,,
Engine_2461,,
Engine_2462,,
Engine_2463,,
Engine_2464,,
Engine_2465,,
Engine_2466,,
Engine_2467,,
Engine_2468,,
Engine_2469,,
Engine_247,,
Engine_2470,,
Engine_2471,,
Engine_2472,,
Engine_2473,,
Engine_2474,,
Engine_2475,,
Engine_2476,,
Engine_2477,,
Engine_2478,,
Engine_2479,,
Engine_248,,
Engine_2480,,
Engine_2481,,
Engine_2482,,
Engine_2483,,
Engine_2484,,
Engine_2485,,
Engine_2486,,
Engine_2487,,
Engine_2488,,
Engine_2489,,
Engine_249,,
Engine_2490,,
Engine_2491,,
Engine_2492,,
Engine_2493,,
Engine_2494,,
Engine_2495,,
Engine_2496,,
Engine_2497,,
Engine_2498,,
Engine_2499,,
Engine_250,,
Engine_2500,,
Engine_2501,,
Engine_2502,,
Engine_2503,,
Engine_2504,,
Engine_2505,,
Engine_2506,,
Engine_2507,,
Engine_2508,,
Engine_2509,,
Engine_251,,
Engine_2510,,
Engine_2511,,
Engine_2512,,
Engine_2513,,
Engine_2514,,
Engine_2515,,
Engine_2516,,
Engine_2517,,
Engine_2518,,
Engine_2519,,
Engine_252,,
Engine_2520,,
Engine_2521,,
Engine_2522,,
Engine_2523,,
Engine_2524,,
Engine_2525,,
Engine_2526,,
Engine_2527,,
Engine_2528,,
Engine_2529,,
Engine_253,,
Engine_2530,,
Engine_2531,,
Engine_2532,,
Engine_2533,,
Engine_2534,,
Engine_2535,,
Engine_2536,,
Engine_2537,,
Engine_2538,,
Engine_2539,,
Engine_254,,
Engine_2540,,
Engine_2541,,
Engine_2542,,
Engine_2543,,
Engine_2544,,
Engine_2545,,
Engine_2546,,
Engine_2547,,
Engine_2548,,
Engine_2549,,
Engine_255,,
Engine_2550,,
Engine_2551,,
Engine_2552,,
Engine_2553,,
Engine_2554,,
Engine_2555,,
Engine_2556,,
Engine_2557,,
Engine_2558,,
Engine_2559,,
Engine_256,,
Engine_2560,,
Engine_2561,,
Engine_2562,,
Engine_2563,,
Engine_2564,,
Engine_2565,,
Engine_2566,,
Engine_2567,,
Engine_2568,,
Engine_2569,,
Engine_257,,
Engine_2570,,
Engine_2571,,
Engine_2572,,
Engine_2573,,
Engine_2574,,
Engine_2575,,
Engine_2576,,
Engine_2577,,
Engine_2578,,
Engine_2579,,
Engine_258,,
Engine_2580,,
Engine_2581,,
Engine_2582,,
Engine_2583,,
Engine_2584,,
Engine_2585,,
Engine_2586,,
Engine_2587,,
Engine_2588,,
Engine_2589,,
Engine_259,,
Engine_2590,,
Engine_2591,,
Engine_2592,,
Engine_2593,,
Engine_2594,,
Engine_2595,,
Engine_2596,,
Engine_2597,,
Engine_2598,,
Engine_2599,,
Engine_260,,
Engine_2600,,
Engine_2601,,
Engine_2602,,
Engine_2603,,
Engine_2604,,
Engine_2605,,
Engine_2606,,
Engine_2607,,
Engine_2608,,
Engine_2609,,
Engine_261,,
Engine_2610,,
Engine_2611,,
Engine_2612,,
Engine_2613,,
Engine_2614,,
Engine_2615,,
Engine_2616,,
Engine_2617,,
Engine_2618,,
Engine_2619,,
Engine_262,,
Engine_2620,,
Engine_2621,,
Engine_2622,,
Engine_2623,,
Engine_2624,,
Engine_2625,,
Engine_2626,,
Engine_2627,,
Engine_2628,,
Engine_2629,,
Engine_263,,
Engine_2630,,
Engine_2631,,
Engine_2632,,
Engine_2633,,
Engine_2634,,
Engine_2635,,
Engine_2636,,
Engine_2637,,
Engine_2638,,
Engine_2639,,
Engine_264,,
Engine_2640,,
Engine_2641,,
Engine_2642,,
Engine_2643,,
Engine_2644,,
Engine_2645,,
Engine_2646,,
Engine_2647,,
Engine_2648,,
Engine_2649,,
Engine_265,,
Engine_2650,,
Engine_2651,,
Engine_2652,,
Engine_2653,,
Engine_2654,,
Engine_2655,,
Engine_2656,,
Engine_2657,,
Engine_2658,,
Engine_2659,,
Engine_266,,
Engine_2660,,
Engine_2661,,
Engine_2662,,
Engine_2663,,
Engine_2664,,
Engine_2665,,
Engine_2666,,
Engine_2667,,
Engine_2668,,
Engine_2669,,
Engine_267,,
Engine_2670,,
Engine_2671,,
Engine_2672,,
Engine_2673,,
Engine_2674,,
Engine_2675,,
Engine_2676,,
Engine_2677,,
Engine_2678,,
Engine_2679,,
Engine_268,,
Engine_2680,,
Engine_2681,,
Engine_2682,,
Engine_2683,,
Engine_2684,,
Engine_2685,,
Engine_2686,,
Engine_2687,,
Engine_2688,,
Engine_2689,,
Engine_269,,
Engine_2690,,
Engine_2691,,
Engine_2692,,
Engine_2693,,
Engine_2694,,
Engine_2695,,
Engine_2696,,
Engine_2697,,
Engine_2698,,
Engine_2699,,
Engine_270,,
Engine_2700,,
Engine_2701,,
Engine_2702,,
Engine_2703,,
Engine_2704,,
Engine_2705,,
Engine_2706,,
Engine_2707,,
Engine_2708,,
Engine_2709,,
Engine_271,,
Engine_2710,,
Engine_2711,,
Engine_2712,,
Engine_2713,,
Engine_2714,,
Engine_2715,,
Engine_2716,,
Engine_2717,,
Engine_2718,,
Engine_2719,,
Engine_272,,
Engine_2720,,
Engine_2721,,
Engine_2722,,
Engine_2723,,
Engine_2724,,
Engine_2725,,
Engine_2726,,
Engine_2727,,
Engine_2728,,
Engine_2729,,
Engine_273,,
Engine_2730,,
Engine_2731,,
Engine_2732,,
Engine_2733,,
Engine_2734,,
Engine_2735,,
Engine_2736,,
Engine_2737,,
Engine_2738,,
Engine_2739,,
Engine_274,,
Engine_2740,,
Engine_2741,,
Engine_2742,,
Engine_2743,,
Engine_2744,,
Engine_2745,,
Engine_2746,,
Engine_2747,,
Engine_2748,,
Engine_2749,,
Engine_275,,
Engine_2750,,
Engine_2751,,
Engine_2752,,
Engine_2753,,
Engine_2754,,
Engine_2755,,
Engine_2756,,
Engine_2757,,
Engine_2758,,
Engine_2759,,
Engine_276,,
Engine_2760,,
Engine_2761,,
Engine_2762,,
Engine_2763,,
Engine_2764,,
Engine_2765,,
Engine_2766,,
Engine_2767,,
Engine_2768,,
Engine_2769,,
Engine_277,,
Engine_2770,,
Engine_2771,,
Engine_2772,,
Engine_2773,,
Engine_2774,,
Engine_2775,,
Engine_2776,,
Engine_2777,,
Engine_2778,,
Engine_2779,,
Engine_278,,
Engine_2780,,
Engine_2781,,
Engine_2782,,
Engine_2783,,
Engine_2784,,
Engine_2785,,
Engine_2786,,
Engine_2787,,
Engine_2788,,
Engine_2789,,
Engine_279,,
Engine_2790,,
Engine_2791,,
Engine_2792,,
Engine_2793,,
Engine_2794,,
Engine_2795,,
Engine_2796,,
Engine_2797,,
Engine_2798,,
Engine_2799,,
Engine_280,,
Engine_2800,,
Engine_2801,,
Engine_2802,,
Engine_2803,,
Engine_2804,,
Engine_2805,,
Engine_2806,,
Engine_2807,,
Engine_2808,,
Engine_2809,,
Engine_281,,
Engine_2810,,
Engine_2811,,
Engine_2812,,
Engine_2813,,
Engine_2814,,
Engine_2815,,
Engine_2816,,
Engine_2817,,
Engine_2818,,
Engine_2819,,
Engine_282,,
Engine_2820,,
Engine_2821,,
Engine_2822,,
Engine_2823,,
Engine_2824,,
Engine_2825,,
Engine_2826,,
Engine_2827,,
Engine_2828,,
Engine_2829,,
Engine_283,,
Engine_2830,,
Engine_2831,,
Engine_2832,,
Engine_2833,,
Engine_2834,,
Engine_2835,,
Engine_2836,,
Engine_2837,,
Engine_2838,,
Engine_2839,,
Engine_284,,
Engine_2840,,
Engine_2841,,
Engine_2842,,
Engine_2843,,
Engine_2844,,
Engine_2845,,
Engine_2846,,
Engine_2847,,
Engine_2848,,
Engine_2849,,
Engine_285,,
Engine_2850,,
Engine_2851,,
Engine_2852,,
Engine_2853,,
Engine_2854,,
Engine_2855,,
Engine_2856,,
Engine_2857,,
Engine_2858,,
Engine_2859,,
Engine_286,,
Engine_2860,,
Engine_2861,,
Engine_2862,,
Engine_2863,,
Engine_2864,,
Engine_2865,,
Engine_2866,,
Engine_2867,,
Engine_2868,,
Engine_2869,,
Engine_287,,
Engine_2870,,
Engine_2871,,
Engine_2872,,
Engine_2873,,
Engine_2874,,
Engine_2875,,
Engine_2876,,
Engine_2877,,
Engine_2878,,
Engine_2879,,
Engine_288,,
Engine_2880,,
Engine_2881,,
Engine_2882,,
Engine_2883,,
Engine_2884,,
Engine_2885,,
Engine_2886,,
Engine_2887,,
Engine_2888,,
Engine_2889,,
Engine_289,,
Engine_2890,,
Engine_2891,,
Engine_2892,,
Engine_2893,,
Engine_2894,,
Engine_2895,,
Engine_2896,,
Engine_2897,,
Engine_2898,,
Engine_2899,,
Engine_290,,
Engine_2900,,
Engine_2901,,
Engine_2902,,
Engine_2903,,
Engine_2904,,
Engine_2905,,
Engine_2906,,
Engine_2907,,
Engine_2908,,
Engine_2909,,
Engine_291,,
Engine_2910,,
Engine_2911,,
Engine_2912,,
Engine_2913,,
Engine_2914,,
Engine_2915,,
Engine_2916,,
Engine_2917,,
Engine_2918,,
Engine_2919,,
Engine_292,,
Engine_2920,,
Engine_2921,,
Engine_2922,,
Engine_2923,,
Engine_2924,,
Engine_2925,,
Engine_2926,,
Engine_2927,,
Engine_2928,,
Engine_2929,,
Engine_293,,
Engine_2930,,
Engine_2931,,
Engine_2932,,
Engine_2933,,
Engine_2934,,
Engine_2935,,
Engine_2936,,
Engine_2937,,
Engine_2938,,
Engine_2939,,
Engine_294,,
Engine_2940,,
Engine_2941,,
Engine_2942,,
Engine_2943,,
Engine_2944,,
Engine_2945,,
Engine_2946,,
Engine_2947,,
Engine_2948,,
Engine_2949,,
Engine_295,,
Engine_2950,,
Engine_2951,,
Engine_2952,,
Engine_2953,,
Engine_2954,,
Engine_2955,,
Engine_2956,,
Engine_2957,,
Engine_2958,,
Engine_2959,,
Engine_296,,
Engine_2960,,
Engine_2961,,
Engine_2962,,
Engine_2963,,
Engine_2964,,
Engine_2965,,
Engine_2966,,
Engine_2967,,
Engine_2968,,
Engine_2969,,
Engine_297,,
Engine_2970,,
Engine_2971,,
Engine_2972,,
Engine_2973,,
Engine_2974,,
Engine_2975,,
Engine_2976,,
Engine_2977,,
Engine_2978,,
Engine_2979,,
Engine_298,,
Engine_2980,,
Engine_2981,,
Engine_2982,,
Engine_2983,,
Engine_2984,,
Engine_2985,,
Engine_2986,,
Engine_2987,,
Engine_2988,,
Engine_2989,,
Engine_299,,
Engine_2990,,
Engine_2991,,
Engine_2992,,
Engine_2993,,
Engine_2994,,
Engine_2995,,
Engine_2996,,
Engine_2997,,
Engine_2998,,
Engine_2999,,
Engine_300,,
Engine_3000,,
Engine_3001,,
Engine_3002,,
Engine_3003,,
Engine_3004,,
Engine_3005,,
Engine_3006,,
Engine_3007,,
Engine_3008,,
Engine_3009,,
Engine_301,,
Engine_3010,,
Engine_3011,,
Engine_3012,,
Engine_3013,,
Engine_3014,,
Engine_3015,,
Engine_3016,,
Engine_3017,,
Engine_3018,,
Engine_3019,,
Engine_302,,
Engine_3020,,
Engine_3021,,
Engine_3022,,
Engine_3023,,
Engine_3024,,
Engine_3025,,
Engine_3026,,
Engine_3027,,
Engine_3028,,
Engine_3029,,
Engine_303,,
Engine_3030,,
Engine_3031,,
Engine_3032,,
Engine_3033,,
Engine_3034,,
Engine_3035,,
Engine_3036,,
Engine_3037,,
Engine_3038,,
Engine_3039,,
Engine_304,,
Engine_3040,,
Engine_3041,,
Engine_3042,,
Engine_3043,,
Engine_3044,,
Engine_3045,,
Engine_3046,,
Engine_3047,,
Engine_3048,,
Engine_3049,,
Engine_305,,
Engine_3050,,
Engine_3051,,
Engine_3052,,
Engine_3053,,
Engine_3054,,
Engine_3055,,
Engine_3056,,
Engine_3057,,
Engine_3058,,
Engine_3059,,
Engine_306,,
Engine_3060,,
Engine_3061,,
Engine_3062,,
Engine_3063,,
Engine_3064,,
Engine_3065,,
Engine_3066,,
Engine_3067,,
Engine_3068,,
Engine_3069,,
Engine_307,,
Engine_3070,,
Engine_3071,,
Engine_3072,,
Engine_3073,,
Engine_3074,,
Engine_3075,,
Engine_3076,,
Engine_3077,,
Engine_3078,,
Engine_3079,,
Engine_308,,
Engine_3080,,
Engine_3081,,
Engine_3082,,
Engine_3083,,
Engine_3084,,
Engine_3085,,
Engine_3086,,
Engine_3087,,
Engine_3088,,
Engine_3089,,
Engine_309,,
Engine_3090,,
Engine_3091,,
Engine_3092,,
Engine_3093,,
Engine_3094,,
Engine_3095,,
Engine_3096,,
Engine_3097,,
Engine_3098,,
Engine_3099,,
Engine_310,,
Engine_3100,,
Engine_3101,,
Engine_3102,,
Engine_3103,,
Engine_3104,,
Engine_3105,,
Engine_3106,,
Engine_3107,,
Engine_3108,,
Engine_3109,,
Engine_311,,
Engine_3110,,
Engine_3111,,
Engine_3112,,
Engine_3113,,
Engine_3114,,
Engine_3115,,
Engine_3116,,
Engine_3117,,
Engine_3118,,
Engine_3119,,
Engine_312,,
Engine_3120,,
Engine_3121,,
Engine_3122,,
Engine_3123,,
Engine_3124,,
Engine_3125,,
Engine_3126,,
Engine_3127,,
Engine_3128,,
Engine_3129,,
Engine_313,,
Engine_3130,,
Engine_3131,,
Engine_3132,,
Engine_3133,,
Engine_3134,,
Engine_3135,,
Engine_3136,,
Engine_3137,,
Engine_3138,,
Engine_3139,,
Engine_314,,
Engine_3140,,
Engine_3141,,
Engine_3142,,
Engine_3143,,
Engine_3144,,
Engine_3145,,
Engine_3146,,
Engine_3147,,
Engine_3148,,
Engine_3149,,
Engine_315,,
Engine_3150,,
Engine_3151,,
Engine_3152,,
Engine_3153,,
Engine_3154,,
Engine_3155,,
Engine_3156,,
Engine_3157,,
Engine_3158,,
Engine_3159,,
Engine_316,,
Engine_3160,,
Engine_3161,,
Engine_3162,,
Engine_3163,,
Engine_3164,,
Engine_3165,,
Engine_3166,,
Engine_3167,,
Engine_3168,,
Engine_3169,,
Engine_317,,
Engine_3170,,
Engine_3171,,
Engine_3172,,
Engine_3173,,
Engine_3174,,
Engine_3175,,
Engine_3176,,
Engine_3177,,
Engine_3178,,
Engine_3179,,
Engine_318,,
Engine_3180,,
Engine_3181,,
Engine_3182,,
Engine_3183,,
Engine_3184,,
Engine_3185,,
Engine_3186,,
Engine_3187,,
Engine_3188,,
Engine_3189,,
Engine_319,,
Engine_3190,,
Engine_3191,,
Engine_3192,,
Engine_3193,,
Engine_3194,,
Engine_3195,,
Engine_3196,,
Engine_3197,,
Engine_3198,,
Engine_3199,,
Engine_320,,
Engine_3200,,
Engine_3201,,
Engine_3202,,
Engine_3203,,
Engine_3204,,
Engine_3205,,
Engine_3206,,
Engine_3207,,
Engine_3208,,
Engine_3209,,
Engine_321,,
Engine_3210,,
Engine_3211,,
Engine_3212,,
Engine_3213,,
Engine_3214,,
Engine_3215,,
Engine_3216,,
Engine_3217,,
Engine_3218,,
Engine_3219,,
Engine_322,,
Engine_3220,,
Engine_3221,,
Engine_3222,,
Engine_3223,,
Engine_3224,,
Engine_3225,,
Engine_3226,,
Engine_3227,,
Engine_3228,,
Engine_3229,,
Engine_323,,
Engine_3230,,
Engine_3231,,
Engine_3232,,
Engine_3233,,
Engine_3234,,
Engine_3235,,
Engine_3236,,
Engine_3237,,
Engine_3238,,
Engine_3239,,
Engine_324,,
Engine_3240,,
Engine_3241,,
Engine_3242,,
Engine_3243,,
Engine_3244,,
Engine_3245,,
Engine_3246,,
Engine_3247,,
Engine_3248,,
Engine_3249,,
Engine_325,,
Engine_3250,,
Engine_3251,,
Engine_3252,,
Engine_3253,,
Engine_3254,,
Engine_3255,,
Engine_3256,,
Engine_3257,,
Engine_3258,,
Engine_3259,,
Engine_326,,
Engine_3260,,
Engine_3261,,
Engine_3262,,
Engine_3263,,
Engine_3264,,
Engine_3265,,
Engine_3266,,
Engine_3267,,
Engine_3268,,
Engine_3269,,
Engine_327,,
Engine_3270,,
Engine_3271,,
Engine_3272,,
Engine_3273,,
Engine_3274,,
Engine_3275,,
Engine_3276,,
Engine_3277,,
Engine_3278,,
Engine_3279,,
Engine_328,,
Engine_3280,,
Engine_3281,,
Engine_3282,,
Engine_3283,,
Engine_3284,,
Engine_3285,,
Engine_3286,,
Engine_3287,,
Engine_3288,,
Engine_3289,,
Engine_329,,
Engine_3290,,
Engine_3291,,
Engine_3292,,
Engine_3293,,
Engine_3294,,
Engine_3295,,
Engine_3296,,
Engine_3297,,
Engine_3298,,
Engine_3299,,
Engine_330,,
Engine_3300,,
Engine_3301,,
Engine_3302,,
Engine_3303,,
Engine_3304,,
Engine_3305,,
Engine_3306,,
Engine_3307,,
Engine_3308,,
Engine_3309,,
Engine_331,,
Engine_3310,,
Engine_3311,,
Engine_3312,,
Engine_3313,,
Engine_3314,,
Engine_3315,,
Engine_3316,,
Engine_3317,,
Engine_3318,,
Engine_3319,,
Engine_332,,
Engine_3320,,
Engine_3321,,
Engine_3322,,
Engine_3323,,
Engine_3324,,
Engine_3325,,
Engine_3326,,
Engine_3327,,
Engine_3328,,
Engine_3329,,
Engine_333,,
Engine_3330,,
Engine_3331,,
Engine_3332,,
Engine_3333,,
Engine_3334,,
Engine_3335,,
Engine_3336,,
Engine_3337,,
Engine_3338,,
Engine_3339,,
Engine_334,,
Engine_3340,,
Engine_3341,,
Engine_3342,,
Engine_3343,,
Engine_3344,,
Engine_3345,,
Engine_3346,,
Engine_3347,,
Engine_3348,,
Engine_3349,,
Engine_335,,
Engine_3350,,
Engine_3351,,
Engine_3352,,
Engine_3353,,
Engine_3354,,
Engine_3355,,
Engine_3356,,
Engine_3357,,
Engine_3358,,
Engine_3359,,
Engine_336,,
Engine_3360,,
Engine_3361,,
Engine_3362,,
Engine_3363,,
Engine_3364,,
Engine_3365,,
Engine_3366,,
Engine_3367,,
Engine_3368,,
Engine_3369,,
Engine_337,,
Engine_3370,,
Engine_3371,,
Engine_3372,,
Engine_3373,,
Engine_3374,,
Engine_3375,,
Engine_3376,,
Engine_3377,,
Engine_3378,,
Engine_3379,,
Engine_338,,
Engine_3380,,
Engine_3381,,
Engine_3382,,
Engine_3383,,
Engine_3384,,
Engine_3385,,
Engine_3386,,
Engine_3387,,
Engine_3388,,
Engine_3389,,
Engine_339,,
Engine_3390,,
Engine_3391,,
Engine_3392,,
Engine_3393,,
Engine_3394,,
Engine_3395,,
Engine_3396,,
Engine_3397,,
Engine_3398,,
Engine_3399,,
Engine_340,,
Engine_3400,,
Engine_3401,,
Engine_3402,,
Engine_3403,,
Engine_3404,,
Engine_3405,,
Engine_3406,,
Engine_3407,,
Engine_3408,,
Engine_3409,,
Engine_341,,
Engine_3410,,
Engine_3411,,
Engine_3412,,
Engine_3413,,
Engine_3414,,
Engine_3415,,
Engine_3416,,
Engine_3417,,
Engine_3418,,
Engine_3419,,
Engine_342,,
Engine_3420,,
Engine_3421,,
Engine_3422,,
Engine_3423,,
Engine_3424,,
Engine_3425,,
Engine_3426,,
Engine_3427,,
Engine_3428,,
Engine_3429,,
Engine_343,,
Engine_3430,,
Engine_3431,,
Engine_3432,,
Engine_3433,,
Engine_3434,,
Engine_3435,,
Engine_3436,,
Engine_3437,,
Engine_3438,,
Engine_3439,,
Engine_344,,
Engine_3440,,
Engine_3441,,
Engine_3442,,
Engine_3443,,
Engine_3444,,
Engine_3445,,
Engine_3446,,
Engine_3447,,
Engine_3448,,
Engine_3449,,
Engine_345,,
Engine_3450,,
Engine_3451,,
Engine_3452,,
Engine_3453,,
Engine_3454,,
Engine_3455,,
Engine_3456,,
Engine_3457,,
Engine_3458,,
Engine_3459,,
Engine_346,,
Engine_3460,,
Engine_3461,,
Engine_3462,,
Engine_3463,,
Engine_3464,,
Engine_3465,,
Engine_3466,,
Engine_3467,,
Engine_3468,,
Engine_3469,,
Engine_347,,
Engine_3470,,
Engine_3471,,
Engine_3472,,
Engine_3473,,
Engine_3474,,
Engine_3475,,
Engine_3476,,
Engine_3477,,
Engine_3478,,
Engine_3479,,
Engine_348,,
Engine_3480,,
Engine_3481,,
Engine_3482,,
Engine_3483,,
Engine_3484,,
Engine_3485,,
Engine_3486,,
Engine_3487,,
Engine_3488,,
Engine_3489,,
Engine_349,,
Engine_3490,,
Engine_3491,,
Engine_3492,,
Engine_3493,,
Engine_3494,,
Engine_3495,,
Engine_3496,,
Engine_3497,,
Engine_3498,,
Engine_3499,,
Engine_350,,
Engine_3500,,
Engine_3501,,
Engine_3502,,
Engine_3503,,
Engine_3504,,
Engine_3505,,
Engine_3506,,
Engine_3507,,
Engine_3508,,
Engine_3509,,
Engine_351,,
Engine_3510,,
Engine_3511,,
Engine_3512,,
Engine_3513,,
Engine_3514,,
Engine_3515,,
Engine_3516,,
Engine_3517,,
Engine_3518,,
Engine_3519,,
Engine_352,,
Engine_3520,,
Engine_3521,,
Engine_3522,,
Engine_3523,,
Engine_3524,,
Engine_3525,,
Engine_3526,,
Engine_3527,,
Engine_3528,,
Engine_3529,,
Engine_353,,
Engine_3530,,
Engine_3531,,
Engine_3532,,
Engine_3533,,
Engine_3534,,
Engine_3535,,
Engine_3536,,
Engine_3537,,
Engine_3538,,
Engine_3539,,
Engine_354,,
Engine_3540,,
Engine_3541,,
Engine_3542,,
Engine_3543,,
Engine_3544,,
Engine_3545,,
Engine_3546,,
Engine_3547,,
Engine_3548,,
Engine_3549,,
Engine_355,,
Engine_3550,,
Engine_3551,,
Engine_3552,,
Engine_3553,,
Engine_3554,,
Engine_3555,,
Engine_3556,,
Engine_3557,,
Engine_3558,,
Engine_3559,,
Engine_356,,
Engine_3560,,
Engine_3561,,
Engine_3562,,
Engine_3563,,
Engine_3564,,
Engine_3565,,
Engine_3566,,
Engine_3567,,
Engine_3568,,
Engine_3569,,
Engine_357,,
Engine_3570,,
Engine_3571,,
Engine_3572,,
Engine_3573,,
Engine_3574,,
Engine_3575,,
Engine_3576,,
Engine_3577,,
Engine_3578,,
Engine_3579,,
Engine_358,,
Engine_3580,,
Engine_3581,,
Engine_3582,,
Engine_3583,,
Engine_3584,,
Engine_3585,,
Engine_3586,,
Engine_3587,,
Engine_3588,,
Engine_3589,,
Engine_359,,
Engine_3590,,
Engine_3591,,
Engine_3592,,
Engine_3593,,
Engine_3594,,
Engine_3595,,
Engine_3596,,
Engine_3597,,
Engine_3598,,
Engine_3599,,
Engine_360,,
Engine_3600,,
Engine_3601,,
Engine_3602,,
Engine_3603,,
Engine_3604,,
Engine_3605,,
Engine_3606,,
Engine_3607,,
Engine_3608,,
Engine_3609,,
Engine_361,,
Engine_3610,,
Engine_3611,,
Engine_3612,,
Engine_3613,,
Engine_3614,,
Engine_3615,,
Engine_3616,,
Engine_3617,,
Engine_3618,,
Engine_3619,,
Engine_362,,
Engine_3620,,
Engine_3621,,
Engine_3622,,
Engine_3623,,
Engine_3624,,
Engine_3625,,
Engine_3626,,
Engine_3627,,
Engine_3628,,
Engine_3629,,
Engine_363,,
Engine_3630,,
Engine_3631,,
Engine_3632,,
Engine_3633,,
Engine_3634,,
Engine_3635,,
Engine_3636,,
Engine_3637,,
Engine_3638,,
Engine_3639,,
Engine_364,,
Engine_3640,,
Engine_3641,,
Engine_3642,,
Engine_3643,,
Engine_3644,,
Engine_3645,,
Engine_3646,,
Engine_3647,,
Engine_3648,,
Engine_3649,,
Engine_365,,
Engine_3650,,
Engine_3651,,
Engine_3652,,
Engine_3653,,
Engine_3654,,
Engine_3655,,
Engine_3656,,
Engine_3657,,
Engine_3658,,
Engine_3659,,
Engine_366,,
Engine_3660,,
Engine_3661,,
Engine_3662,,
Engine_3663,,
Engine_3664,,
Engine_3665,,
Engine_3666,,
Engine_3667,,
Engine_3668,,
Engine_3669,,
Engine_367,,
Engine_3670,,
Engine_3671,,
Engine_3672,,
Engine_3673,,
Engine_3674,,
Engine_3675,,
Engine_3676,,
Engine_3677,,
Engine_3678,,
Engine_3679,,
Engine_368,,
Engine_3680,,
Engine_3681,,
Engine_3682,,
Engine_3683,,
Engine_3684,,
Engine_3685,,
Engine_3686,,
Engine_3687,,
Engine_3688,,
Engine_3689,,
Engine_369,,
Engine_3690,,
Engine_3691,,
Engine_3692,,
Engine_3693,,
Engine_3694,,
Engine_3695,,
Engine_3696,,
Engine_3697,,
Engine_3698,,
Engine_3699,,
Engine_370,,
Engine_3700,,
Engine_3701,,
Engine_3702,,
Engine_3703,,
Engine_3704,,
Engine_3705,,
Engine_3706,,
Engine_3707,,
Engine_3708,,
Engine_3709,,
Engine_371,,
Engine_3710,,
Engine_3711,,
Engine_3712,,
Engine_3713,,
Engine_3714,,
Engine_3715,,
Engine_3716,,
Engine_3717,,
Engine_3718,,
Engine_3719,,
Engine_372,,
Engine_3720,,
Engine_3721,,
Engine_3722,,
Engine_3723,,
Engine_3724,,
Engine_3725,,
Engine_3726,,
Engine_3727,,
Engine_3728,,
Engine_3729,,
Engine_373,,
Engine_3730,,
Engine_3731,,
Engine_3732,,
Engine_3733,,
Engine_3734,,
Engine_3735,,
Engine_3736,,
Engine_3737,,
Engine_3738,,
Engine_3739,,
Engine_374,,
Engine_3740,,
Engine_3741,,
Engine_3742,,
Engine_3743,,
Engine_3744,,
Engine_3745,,
Engine_3746,,
Engine_3747,,
Engine_3748,,
Engine_3749,,
Engine_375,,
Engine_3750,,
Engine_3751,,
Engine_3752,,
Engine_3753,,
Engine_3754,,
Engine_3755,,
Engine_3756,,
Engine_3757,,
Engine_3758,,
Engine_3759,,
Engine_376,,
Engine_3760,,
Engine_3761,,
Engine_3762,,
Engine_3763,,
Engine_3764,,
Engine_3765,,
Engine_3766,,
Engine_3767,,
Engine_3768,,
Engine_3769,,
Engine_377,,
Engine_3770,,
Engine_3771,,
Engine_3772,,
Engine_3773,,
Engine_3774,,
Engine_3775,,
Engine_3776,,
Engine_3777,,
Engine_3778,,
Engine_3779,,
Engine_378,,
Engine_3780,,
Engine_3781,,
Engine_3782,,
Engine_3783,,
Engine_3784,,
Engine_3785,,
Engine_3786,,
Engine_3787,,
Engine_3788,,
Engine_3789,,
Engine_379,,
Engine_3790,,
Engine_3791,,
Engine_3792,,
Engine_3793,,
Engine_3794,,
Engine_3795,,
Engine_3796,,
Engine_3797,,
Engine_3798,,
Engine_3799,,
Engine_380,,
Engine_3800,,
Engine_3801,,
Engine_3802,,
Engine_3803,,
Engine_3804,,
Engine_3805,,
Engine_3806,,
Engine_3807,,
Engine_3808,,
Engine_3809,,
Engine_381,,
Engine_3810,,
Engine_3811,,
Engine_3812,,
Engine_3813,,
Engine_3814,,
Engine_3815,,
Engine_3816,,
Engine_3817,,
Engine_3818,,
Engine_3819,,
Engine_382,,
Engine_3820,,
Engine_3821,,
Engine_3822,,
Engine_3823,,
Engine_3824,,
Engine_3825,,
Engine_3826,,
Engine_3827,,
Engine_3828,,
Engine_3829,,
Engine_383,,
Engine_3830,,
Engine_3831,,
Engine_3832,,
Engine_3833,,
Engine_3834,,
Engine_3835,,
Engine_3836,,
Engine_3837,,
Engine_3838,,
Engine_3839,,
Engine_384,,
Engine_3840,,
Engine_3841,,
Engine_3842,,
Engine_3843,,
Engine_3844,,
Engine_3845,,
Engine_3846,,
Engine_3847,,
Engine_3848,,
Engine_3849,,
Engine_385,,
Engine_3850,,
Engine_3851,,
Engine_3852,,
Engine_3853,,
Engine_3854,,
Engine_3855,,
Engine_3856,,
Engine_3857,,
Engine_3858,,
Engine_3859,,
Engine_386,,
Engine_3860,,
Engine_3861,,
Engine_3862,,
Engine_3863,,
Engine_3864,,
Engine_3865,,
Engine_3866,,
Engine_3867,,
Engine_3868,,
Engine_3869,,
Engine_387,,
Engine_3870,,
Engine_3871,,
Engine_3872,,
Engine_3873,,
Engine_3874,,
Engine_3875,,
Engine_3876,,
Engine_3877,,
Engine_3878,,
Engine_3879,,
Engine_388,,
Engine_3880,,
Engine_3881,,
Engine_3882,,
Engine_3883,,
Engine_3884,,
Engine_3885,,
Engine_3886,,
Engine_3887,,
Engine_3888,,
Engine_3889,,
Engine_389,,
Engine_3890,,
Engine_3891,,
Engine_3892,,
Engine_3893,,
Engine_3894,,
Engine_3895,,
Engine_3896,,
Engine_3897,,
Engine_3898,,
Engine_3899,,
Engine_390,,
Engine_3900,,
Engine_3901,,
Engine_3902,,
Engine_3903,,
Engine_3904,,
Engine_3905,,
Engine_3906,,
Engine_3907,,
Engine_3908,,
Engine_3909,,
Engine_391,,
Engine_3910,,
Engine_3911,,
Engine_3912,,
Engine_3913,,
Engine_3914,,
Engine_3915,,
Engine_3916,,
Engine_3917,,
Engine_3918,,
Engine_3919,,
Engine_392,,
Engine_3920,,
Engine_3921,,
Engine_3922,,
Engine_3923,,
Engine_3924,,
Engine_3925,,
Engine_3926,,
Engine_3927,,
Engine_3928,,
Engine_3929,,
Engine_393,,
Engine_3930,,
Engine_3931,,
Engine_3932,,
Engine_3933,,
Engine_3934,,
Engine_3935,,
Engine_3936,,
Engine_3937,,
Engine_3938,,
Engine_3939,,
Engine_394,,
Engine_3940,,
Engine_3941,,
Engine_3942,,
Engine_3943,,
Engine_3944,,
Engine_3945,,
Engine_3946,,
Engine_3947,,
Engine_3948,,
Engine_3949,,
Engine_395,,
Engine_3950,,
Engine_3951,,
Engine_3952,,
Engine_3953,,
Engine_3954,,
Engine_3955,,
Engine_3956,,
Engine_3957,,
Engine_3958,,
Engine_3959,,
Engine_396,,
Engine_3960,,
Engine_3961,,
Engine_3962,,
Engine_3963,,
Engine_3964,,
Engine_3965,,
Engine_3966,,
Engine_3967,,
Engine_3968,,
Engine_3969,,
Engine_397,,
Engine_3970,,
Engine_3971,,
Engine_3972,,
Engine_3973,,
Engine_3974,,
Engine_3975,,
Engine_3976,,
Engine_3977,,
Engine_3978,,
Engine_3979,,
Engine_398,,
Engine_3980,,
Engine_3981,,
Engine_3982,,
Engine_3983,,
Engine_3984,,
Engine_3985,,
Engine_3986,,
Engine_3987,,
Engine_3988,,
Engine_3989,,
Engine_399,,
Engine_3990,,
Engine_3991,,
Engine_3992,,
Engine_3993,,
Engine_3994,,
Engine_3995,,
Engine_3996,,
Engine_3997,,
Engine_3998,,
Engine_3999,,
Engine_400,,
Engine_4000,,
Engine_4001,,
Engine_4002,,
Engine_4003,,
Engine_4004,,
Engine_4005,,
Engine_4006,,
Engine_4007,,
Engine_4008,,
Engine_4009,,
Engine_401,,
Engine_4010,,
Engine_4011,,
Engine_4012,,
Engine_4013,,
Engine_4014,,
Engine_4015,,
Engine_4016,,
Engine_4017,,
Engine_4018,,
Engine_4019,,
Engine_402,,
Engine_4020,,
Engine_4021,,
Engine_4022,,
Engine_4023,,
Engine_4024,,
Engine_4025,,
Engine_4026,,
Engine_4027,,
Engine_4028,,
Engine_4029,,
Engine_403,,
Engine_4030,,
Engine_4031,,
Engine_4032,,
Engine_4033,,
Engine_4034,,
Engine_4035,,
Engine_4036,,
Engine_4037,,
Engine_4038,,
Engine_4039,,
Engine_404,,
Engine_4040,,
Engine_4041,,
Engine_4042,,
Engine_4043,,
Engine_4044,,
Engine_4045,,
Engine_4046,,
Engine_4047,,
Engine_4048,,
Engine_4049,,
Engine_405,,
Engine_4050,,
Engine_4051,,
Engine_4052,,
Engine_4053,,
Engine_4054,,
Engine_4055,,
Engine_4056,,
Engine_4057,,
Engine_4058,,
Engine_4059,,
Engine_406,,
Engine_4060,,
Engine_4061,,
Engine_4062,,
Engine_4063,,
Engine_4064,,
Engine_4065,,
Engine_4066,,
Engine_4067,,
Engine_4068,,
Engine_4069,,
Engine_407,,
Engine_4070,,
Engine_4071,,
Engine_4072,,
Engine_4073,,
Engine_4074,,
Engine_4075,,
Engine_4076,,
Engine_4077,,
Engine_4078,,
Engine_4079,,
Engine_408,,
Engine_4080,,
Engine_4081,,
Engine_4082,,
Engine_4083,,
Engine_4084,,
Engine_4085,,
Engine_4086,,
Engine_4087,,
Engine_4088,,
Engine_4089,,
Engine_409,,
Engine_4090,,
Engine_4091,,
Engine_4092,,
Engine_4093,,
Engine_4094,,
Engine_4095,,
Engine_4096,,
Engine_4097,,
Engine_4098,,
Engine_4099,,
Engine_410,,
Engine_4100,,
Engine_4101,,
Engine_4102,,
Engine_4103,,
Engine_4104,,
Engine_4105,,
Engine_4106,,
Engine_4107,,
Engine_4108,,
Engine_4109,,
Engine_411,,
Engine_4110,,
Engine_4111,,
Engine_4112,,
Engine_4113,,
Engine_4114,,
Engine_4115,,
Engine_4116,,
Engine_4117,,
Engine_4118,,
Engine_4119,,
Engine_412,,
Engine_4120,,
Engine_4121,,
Engine_4122,,
Engine_4123,,
Engine_4124,,
Engine_4125,,
Engine_4126,,
Engine_4127,,
Engine_4128,,
Engine_4129,,
Engine_413,,
Engine_4130,,
Engine_4131,,
Engine_4132,,
Engine_4133,,
Engine_4134,,
Engine_4135,,
Engine_4136,,
Engine_4137,,
Engine_4138,,
Engine_4139,,
Engine_414,,
Engine_4140,,
Engine_4141,,
Engine_4142,,
Engine_4143,,
Engine_4144,,
Engine_4145,,
Engine_4146,,
Engine_4147,,
Engine_4148,,
Engine_4149,,
Engine_415,,
Engine_4150,,
Engine_4151,,
Engine_4152,,
Engine_4153,,
Engine_4154,,
Engine_4155,,
Engine_4156,,
Engine_4157,,
Engine_4158,,
Engine_4159,,
Engine_416,,
Engine_4160,,
Engine_4161,,
Engine_4162,,
Engine_4163,,
Engine_4164,,
Engine_4165,,
Engine_4166,,
Engine_4167,,
Engine_4168,,
Engine_4169,,
Engine_417,,
Engine_4170,,
Engine_4171,,
Engine_4172,,
Engine_4173,,
Engine_4174,,
Engine_4175,,
Engine_4176,,
Engine_4177,,
Engine_4178,,
Engine_4179,,
Engine_418,,
Engine_4180,,
Engine_4181,,
Engine_4182,,
Engine_4183,,
Engine_4184,,
Engine_4185,,
Engine_4186,,
Engine_4187,,
Engine_4188,,
Engine_4189,,
Engine_419,,
Engine_4190,,
Engine_4191,,
Engine_4192,,
Engine_4193,,
Engine_4194,,
Engine_4195,,
Engine_4196,,
Engine_4197,,
Engine_4198,,
Engine_4199,,
Engine_420,,
Engine_4200,,
Engine_4201,,
Engine_4202,,
Engine_4203,,
Engine_4204,,
Engine_4205,,
Engine_4206,,
Engine_4207,,
Engine_4208,,
Engine_4209,,
Engine_421,,
Engine_4210,,
Engine_4211,,
Engine_4212,,
Engine_4213,,
Engine_4214,,
Engine_4215,,
Engine_4216,,
Engine_4217,,
Engine_4218,,
Engine_4219,,
Engine_422,,
Engine_4220,,
Engine_4221,,
Engine_4222,,
Engine_4223,,
Engine_4224,,
Engine_4225,,
Engine_4226,,
Engine_4227,,
Engine_4228,,
Engine_4229,,
Engine_423,,
Engine_4230,,
Engine_4231,,
Engine_4232,,
Engine_4233,,
Engine_4234,,
Engine_4235,,
Engine_4236,,
Engine_4237,,
Engine_4238,,
Engine_4239,,
Engine_424,,
Engine_4240,,
Engine_4241,,
Engine_4242,,
Engine_4243,,
Engine_4244,,
Engine_4245,,
Engine_4246,,
Engine_4247,,
Engine_4248,,
Engine_4249,,
Engine_425,,
Engine_4250,,
Engine_4251,,
Engine_4252,,
Engine_4253,,
Engine_4254,,
Engine_4255,,
Engine_4256,,
Engine_4257,,
Engine_4258,,
Engine_4259,,
Engine_426,,
Engine_4260,,
Engine_4261,,
Engine_4262,,
Engine_4263,,
Engine_4264,,
Engine_4265,,
Engine_4266,,
Engine_4267,,
Engine_4268,,
Engine_4269,,
Engine_427,,
Engine_4270,,
Engine_4271,,
Engine_4272,,
Engine_4273,,
Engine_4274,,
Engine_4275,,
Engine_4276,,
Engine_4277,,
Engine_4278,,
Engine_4279,,
Engine_428,,
Engine_4280,,
Engine_4281,,
Engine_4282,,
Engine_4283,,
Engine_4284,,
Engine_4285,,
Engine_4286,,
Engine_4287,,
Engine_4288,,
Engine_4289,,
Engine_429,,
Engine_4290,,
Engine_4291,,
Engine_4292,,
Engine_4293,,
Engine_4294,,
Engine_4295,,
Engine_4296,,
Engine_4297,,
Engine_4298,,
Engine_4299,,
Engine_430,,
Engine_4300,,
Engine_4301,,
Engine_4302,,
Engine_4303,,
Engine_4304,,
Engine_4305,,
Engine_4306,,
Engine_4307,,
Engine_4308,,
Engine_4309,,
Engine_431,,
Engine_4310,,
Engine_4311,,
Engine_4312,,
Engine_4313,,
Engine_4314,,
Engine_4315,,
Engine_4316,,
Engine_4317,,
Engine_4318,,
Engine_4319,,
Engine_432,,
Engine_4320,,
Engine_4321,,
Engine_4322,,
Engine_4323,,
Engine_4324,,
Engine_4325,,
Engine_4326,,
Engine_4327,,
Engine_4328,,
Engine_4329,,
Engine_433,,
Engine_4330,,
Engine_4331,,
Engine_4332,,
Engine_4333,,
Engine_4334,,
Engine_4335,,
Engine_4336,,
Engine_4337,,
Engine_4338,,
Engine_4339,,
Engine_434,,
Engine_4340,,
Engine_4341,,
Engine_4342,,
Engine_4343,,
Engine_4344,,
Engine_4345,,
Engine_4346,,
Engine_4347,,
Engine_4348,,
Engine_4349,,
Engine_435,,
Engine_4350,,
Engine_4351,,
Engine_4352,,
Engine_4353,,
Engine_4354,,
Engine_4355,,
Engine_4356,,
Engine_4357,,
Engine_4358,,
Engine_4359,,
Engine_436,,
Engine_4360,,
Engine_4361,,
Engine_4362,,
Engine_4363,,
Engine_4364,,
Engine_4365,,
Engine_4366,,
Engine_4367,,
Engine_4368,,
Engine_4369,,
Engine_437,,
Engine_4370,,
Engine_4371,,
Engine_4372,,
Engine_4373,,
Engine_4374,,
Engine_4375,,
Engine_4376,,
Engine_4377,,
Engine_4378,,
Engine_4379,,
Engine_438,,
Engine_4380,,
Engine_4381,,
Engine_4382,,
Engine_4383,,
Engine_4384,,
Engine_4385,,
Engine_4386,,
Engine_4387,,
Engine_4388,,
Engine_4389,,
Engine_439,,
Engine_4390,,
Engine_4391,,
Engine_4392,,
Engine_4393,,
Engine_4394,,
Engine_4395,,
Engine_4396,,
Engine_4397,,
Engine_4398,,
Engine_4399,,
Engine_440,,
Engine_4400,,
Engine_4401,,
Engine_4402,,
Engine_4403,,
Engine_4404,,
Engine_4405,,
Engine_4406,,
Engine_4407,,
Engine_4408,,
Engine_4409,,
Engine_441,,
Engine_4410,,
Engine_4411,,
Engine_4412,,
Engine_4413,,
Engine_4414,,
Engine_4415,,
Engine_4416,,
Engine_4417,,
Engine_4418,,
Engine_4419,,
Engine_442,,
Engine_4420,,
Engine_4421,,
Engine_4422,,
Engine_4423,,
Engine_4424,,
Engine_4425,,
Engine_4426,,
Engine_4427,,
Engine_4428,,
Engine_4429,,
Engine_443,,
Engine_4430,,
Engine_4431,,
Engine_4432,,
Engine_4433,,
Engine_4434,,
Engine_4435,,
Engine_4436,,
Engine_4437,,
Engine_4438,,
Engine_4439,,
Engine_444,,
Engine_4440,,
Engine_4441,,
Engine_4442,,
Engine_4443,,
Engine_4444,,
Engine_4445,,
Engine_4446,,
Engine_4447,,
Engine_4448,,
Engine_4449,,
Engine_445,,
Engine_4450,,
Engine_4451,,
Engine_4452,,
Engine_4453,,
Engine_4454,,
Engine_4455,,
Engine_4456,,
Engine_4457,,
Engine_4458,,
Engine_4459,,
Engine_446,,
Engine_4460,,
Engine_4461,,
Engine_4462,,
Engine_4463,,
Engine_4464,,
Engine_4465,,
Engine_4466,,
Engine_4467,,
Engine_4468,,
Engine_4469,,
Engine_447,,
Engine_4470,,
Engine_4471,,
Engine_4472,,
Engine_4473,,
Engine_4474,,
Engine_4475,,
Engine_4476,,
Engine_4477,,
Engine_4478,,
Engine_4479,,
Engine_448,,
Engine_4480,,
Engine_4481,,
Engine_4482,,
Engine_4483,,
Engine_4484,,
Engine_4485,,
Engine_4486,,
Engine_4487,,
Engine_4488,,
Engine_4489,,
Engine_449,,
Engine_4490,,
Engine_4491,,
Engine_4492,,
Engine_4493,,
Engine_4494,,
Engine_4495,,
Engine_4496,,
Engine_4497,,
Engine_4498,,
Engine_4499,,
Engine_450,,
Engine_4500,,
Engine_4501,,
Engine_4502,,
Engine_4503,,
Engine_4504,,
Engine_4505,,
Engine_4506,,
Engine_4507,,
Engine_4508,,
Engine_4509,,
Engine_451,,
Engine_4510,,
Engine_4511,,
Engine_4512,,
Engine_4513,,
Engine_4514,,
Engine_4515,,
Engine_4516,,
Engine_4517,,
Engine_4518,,
Engine_4519,,
Engine_452,,
Engine_4520,,
Engine_4521,,
Engine_4522,,
Engine_4523,,
Engine_4524,,
Engine_4525,,
Engine_4526,,
Engine_4527,,
Engine_4528,,
Engine_4529,,
Engine_453,,
Engine_4530,,
Engine_4531,,
Engine_4532,,
Engine_4533,,
Engine_4534,,
Engine_4535,,
Engine_4536,,
Engine_4537,,
Engine_4538,,
Engine_454,,
Engine_455,,
Engine_456,,
Engine_457,,
Engine_458,,
Engine_459,,
Engine_460,,
Engine_461,,
Engine_462,,
Engine_463,,
Engine_464,,
Engine_465,,
Engine_466,,
Engine_467,,
Engine_468,,
Engine_469,,
Engine_470,,
Engine_471,,
Engine_472,,
Engine_473,,
Engine_474,,
Engine_475,,
Engine_476,,
Engine_477,,
Engine_478,,
Engine_479,,
Engine_480,,
Engine_481,,
Engine_482,,
Engine_483,,
Engine_484,,
Engine_485,,
Engine_486,,
Engine_487,,
Engine_488,,
Engine_489,,
Engine_490,,
Engine_491,,
Engine_492,,
Engine_493,,
Engine_494,,
Engine_495,,
Engine_496,,
Engine_497,,
Engine_498,,
Engine_499,,
Engine_500,,
Engine_501,,
Engine_502,,
Engine_503,,
Engine_504,,
Engine_505,,
Engine_506,,
Engine_507,,
Engine_508,,
Engine_509,,
Engine_510,,
Engine_511,,
Engine_512,,
Engine_513,,
Engine_514,,
Engine_515,,
Engine_516,,
Engine_517,,
Engine_518,,
Engine_519,,
Engine_520,,
Engine_521,,
Engine_522,,
Engine_523,,
Engine_524,,
Engine_525,,
Engine_526,,
Engine_527,,
Engine_528,,
Engine_529,,
Engine_530,,
Engine_531,,
Engine_532,,
Engine_533,,
Engine_534,,
Engine_535,,
Engine_536,,
Engine_537,,
Engine_538,,
Engine_539,,
Engine_540,,
Engine_541,,
Engine_542,,
Engine_543,,
Engine_544,,
Engine_545,,
Engine_546,,
Engine_547,,
Engine_548,,
Engine_549,,
Engine_550,,
Engine_551,,
Engine_552,,
Engine_553,,
Engine_554,,
Engine_555,,
Engine_556,,
Engine_557,,
Engine_558,,
Engine_559,,
Engine_560,,
Engine_561,,
Engine_562,,
Engine_563,,
Engine_564,,
Engine_565,,
Engine_566,,
Engine_567,,
Engine_568,,
Engine_569,,
Engine_570,,
Engine_571,,
Engine_572,,
Engine_573,,
Engine_574,,
Engine_575,,
Engine_576,,
Engine_577,,
Engine_578,,
Engine_579,,
Engine_580,,
Engine_581,,
Engine_582,,
Engine_583,,
Engine_584,,
Engine_585,,
Engine_586,,
Engine_587,,
Engine_588,,
Engine_589,,
Engine_590,,
Engine_591,,
Engine_592,,
Engine_593,,
Engine_594,,
Engine_595,,
Engine_596,,
Engine_597,,
Engine_598,,
Engine_599,,
Engine_600,,
Engine_601,,
Engine_602,,
Engine_603,,
Engine_604,,
Engine_605,,
Engine_606,,
Engine_607,,
Engine_608,,
Engine_609,,
Engine_610,,
Engine_611,,
Engine_612,,
Engine_613,,
Engine_614,,
Engine_615,,
Engine_616,,
Engine_617,,
Engine_618,,
Engine_619,,
Engine_620,,
Engine_621,,
Engine_622,,
Engine_623,,
Engine_624,,
Engine_625,,
Engine_626,,
Engine_627,,
Engine_628,,
Engine_629,,
Engine_630,,
Engine_631,,
Engine_632,,
Engine_633,,
Engine_634,,
Engine_635,,
Engine_636,,
Engine_637,,
Engine_638,,
Engine_639,,
Engine_640,,
Engine_641,,
Engine_642,,
Engine_643,,
Engine_644,,
Engine_645,,
Engine_646,,
Engine_647,,
Engine_648,,
Engine_649,,
Engine_650,,
Engine_651,,
Engine_652,,
Engine_653,,
Engine_654,,
Engine_655,,
Engine_656,,
Engine_657,,
Engine_658,,
Engine_659,,
Engine_660,,
Engine_661,,
Engine_662,,
Engine_663,,
Engine_664,,
Engine_665,,
Engine_666,,
Engine_667,,
Engine_668,,
Engine_669,,
Engine_670,,
Engine_671,,
Engine_672,,
Engine_673,,
Engine_674,,
Engine_675,,
Engine_676,,
Engine_677,,
Engine_678,,
Engine_679,,
Engine_680,,
Engine_681,,
Engine_682,,
Engine_683,,
Engine_684,,
Engine_685,,
Engine_686,,
Engine_687,,
Engine_688,,
Engine_689,,
Engine_690,,
Engine_691,,
Engine_692,,
Engine_693,,
Engine_694,,
Engine_695,,
Engine_696,,
Engine_697,,
Engine_698,,
Engine_699,,
Engine_700,,
Engine_701,,
Engine_702,,
Engine_703,,
Engine_704,,
Engine_705,,
Engine_706,,
Engine_707,,
Engine_708,,
Engine_709,,
Engine_710,,
Engine_711,,
Engine_712,,
Engine_713,,
Engine_714,,
Engine_715,,
Engine_716,,
Engine_717,,
Engine_718,,
Engine_719,,
Engine_720,,
Engine_721,,
Engine_722,,
Engine_723,,
Engine_724,,
Engine_725,,
Engine_726,,
Engine_727,,
Engine_728,,
Engine_729,,
Engine_730,,
Engine_731,,
Engine_732,,
Engine_733,,
Engine_734,,
Engine_735,,
Engine_736,,
Engine_737,,
Engine_738,,
Engine_739,,
Engine_740,,
Engine_741,,
Engine_742,,
Engine_743,,
Engine_744,,
Engine_745,,
Engine_746,,
Engine_747,,
Engine_748,,
Engine_749,,
Engine_750,,
Engine_751,,
Engine_752,,
Engine_753,,
Engine_754,,
Engine_755,,
Engine_756,,
Engine_757,,
Engine_758,,
Engine_759,,
Engine_760,,
Engine_761,,
Engine_762,,
Engine_763,,
Engine_764,,
Engine_765,,
Engine_766,,
Engine_767,,
Engine_768,,
Engine_769,,
Engine_770,,
Engine_771,,
Engine_772,,
Engine_773,,
Engine_774,,
Engine_775,,
Engine_776,,
Engine_777,,
Engine_778,,
Engine_779,,
Engine_780,,
Engine_781,,
Engine_782,,
Engine_783,,
Engine_784,,
Engine_785,,
Engine_786,,
Engine_787,,
Engine_788,,
Engine_789,,
Engine_790,,
Engine_791,,
Engine_792,,
Engine_793,,
Engine_794,,
Engine_795,,
Engine_796,,
Engine_797,,
Engine_798,,
Engine_799,,
Engine_800,,
Engine_801,,
Engine_802,,
Engine_803,,
Engine_804,,
Engine_805,,
Engine_806,,
Engine_807,,
Engine_808,,
Engine_809,,
Engine_810,,
Engine_811,,
Engine_812,,
Engine_813,,
Engine_814,,
Engine_815,,
Engine_816,,
Engine_817,,
Engine_818,,
Engine_819,,
Engine_820,,
Engine_821,,
Engine_822,,
Engine_823,,
Engine_824,,
Engine_825,,
Engine_826,,
Engine_827,,
Engine_828,,
Engine_829,,
Engine_830,,
Engine_831,,
Engine_832,,
Engine_833,,
Engine_834,,
Engine_835,,
Engine_836,,
Engine_837,,
Engine_838,,
Engine_839,,
Engine_840,,
Engine_841,,
Engine_842,,
Engine_843,,
Engine_844,,
Engine_845,,
Engine_846,,
Engine_847,,
Engine_848,,
Engine_849,,
Engine_850,,
Engine_851,,
Engine_852,,
Engine_853,,
Engine_854,,
Engine_855,,
Engine_856,,
Engine_857,,
Engine_858,,
Engine_859,,
Engine_860,,
Engine_861,,
Engine_862,,
Engine_863,,
Engine_864,,
Engine_865,,
Engine_866,,
Engine_867,,
Engine_868,,
Engine_869,,
Engine_870,,
Engine_871,,
Engine_872,,
Engine_873,,
Engine_874,,
Engine_875,,
Engine_876,,
Engine_877,,
Engine_878,,
Engine_879,,
Engine_880,,
Engine_881,,
Engine_882,,
Engine_883,,
Engine_884,,
Engine_885,,
Engine_886,,
Engine_887,,
Engine_888,,
Engine_889,,
Engine_890,,
Engine_891,,
Engine_892,,
Engine_893,,
Engine_894,,
Engine_895,,
Engine_896,,
Engine_897,,
Engine_898,,
Engine_899,,
Engine_900,,
Engine_901,,
Engine_902,,
Engine_903,,
Engine_904,,
Engine_905,,
Engine_906,,
Engine_907,,
Engine_908,,
Engine_909,,
Engine_910,,
Engine_911,,
Engine_912,,
Engine_913,,
Engine_914,,
Engine_915,,
Engine_916,,
Engine_917,,
Engine_918,,
Engine_919,,
Engine_920,,
Engine_921,,
Engine_922,,
Engine_923,,
Engine_924,,
Engine_925,,
Engine_926,,
Engine_927,,
Engine_928,,
Engine_929,,
Engine_930,,
Engine_931,,
Engine_932,,
Engine_933,,
Engine_934,,
Engine_935,,
Engine_936,,
Engine_937,,
Engine_938,,
Engine_939,,
Engine_940,,
Engine_941,,
Engine_942,,
Engine_943,,
Engine_944,,
Engine_945,,
Engine_946,,
Engine_947,,
Engine_948,,
Engine_949,,
Engine_950,,
Engine_951,,
Engine_952,,
Engine_953,,
Engine_954,,
Engine_955,,
Engine_956,,
Engine_957,,
Engine_958,,
Engine_959,,
Engine_960,,
Engine_961,,
Engine_962,,
Engine_963,,
Engine_964,,
Engine_965,,
Engine_966,,
Engine_967,,
Engine_968,,
Engine_969,,
Engine_970,,
Engine_971,,
Engine_972,,
Engine_973,,
Engine_974,,
Engine_975,,
Engine_976,,
Engine_977,,
Engine_978,,
Engine_979,,
Engine_980,,
Engine_981,,
Engine_982,,
Engine_983,,
Engine_984,,
Engine_985,,
Engine_986,,
Engine_987,,
Engine_988,,
Engine_989,,
Engine_990,,
Engine_991,,
Engine_992,,
Engine_993,,
Engine_994,,
Engine_995,,
Engine_996,,
Engine_997,,
Engine_998,,
Engine_999,,
